site,meter_id,rows,missing_pct,duplicates,gaps,iqr_outliers,median_monthly_roll_change_kwh
SITE_A,SITE_A_M1,8760,1.1,0,0,47,0.003805562800168971
SITE_A,SITE_A_M2,8760,0.98,0,0,24,0.003364980762698977
SITE_B,SITE_B_M1,8760,1.13,0,0,23,0.003756339372550599
SITE_B,SITE_B_M2,8760,0.9,0,0,20,0.0038223444269220863
