site,meter_id,intercept,coef_cdd,coef_hdd,coef_occupancy,coef_production,MAE_kWh,MAPE_pct,R2
SITE_A,SITE_A_M1,17.868290691238638,0.3359536956244518,-2.6645352591003757e-15,9.449471339877977,1.7607544019608157,1.407005494184982,5.238273100020043,0.360915811985305
SITE_A,SITE_A_M2,17.608221829937197,0.24719864071395845,-8.881784197001252e-16,9.173237299771534,0.9762830379042411,1.0391154485942797,4.071006581160478,0.4041176877239626
SITE_B,SITE_B_M1,31.54877564813981,0.48844187295183045,-2.6645352591003757e-15,8.520452291554376,1.1714122657241826,1.2953575764962564,3.1270474191535715,0.37273872760491655
SITE_B,SITE_B_M2,28.515422406694448,0.5720459977398095,0.0,9.93556224074132,2.388431364602571,1.2044521216679087,2.846930794516451,0.3666120358901289
